,,,,,,
,,Name: ,,,,Number
,,Age,,Height,,Arms L/R
,,Schedule Date,,Weight,,Chest
,,Periods(Months),,Body Fat,,Midrift
,,,,BMI,,Waist Line
,,,,,,
Day,Area,Exercises,Set 1,Set 2,Set 3,Set 4
--,--,--,--,--,--,
--,--,--,--,--,--,
--,--,--,--,--,--,
--,--,--,--,--,--,
--,--,--,--,--,--,
--,--,--,--,--,--,
--,--,--,--,--,--,
--,--,--,--,--,--,
--,--,--,--,--,--,
--,--,--,--,--,--,
--,--,--,--,--,--,
--,--,--,--,--,--,
--,--,--,--,--,--,
--,--,--,--,--,--,
--,--,,--,--,--,
--,--,,--,--,--,
--,--,,--,--,--,
--,--,,--,--,--,
--,--,,--,--,--,
--,--,,--,--,--,
--,--,,--,--,--,
--,--,,--,--,--,
--,--,,--,--,--,